,proba_de,proba_not_de,bayes_factor,scale1,scale2,pseudocounts,delta,lfc_mean,lfc_median,lfc_std,lfc_min,lfc_max,raw_mean1,raw_mean2,non_zeros_proportion1,non_zeros_proportion2,raw_normalized_mean1,raw_normalized_mean2,is_de_fdr_0.05,comparison,group1,group2
HLA-DQA2,0.9522,0.047799999999999954,2.9917492585600054,0.00014617004,1.3671365e-05,1e-07,0.5,3.1015055,3.8160186,4.6455674,-9.529395,14.260724,0.24366727,0.0,0.2222222222222222,0.0,1.6794446,0.0,True,Left vs Right,Left,Right
RPS4Y1,0.9541999999999999,0.04580000000000006,3.0365889941012614,8.6268905e-05,0.000110180845,1e-07,0.5,-2.4910579,-4.0229397,4.9788966,-9.921354,13.679417,0.06480181,0.18908404,0.1111111111111111,0.2727272727272727,0.505144,1.27046,True,Left vs Right,Left,Right
MTRNR2L12,0.9478,0.052200000000000024,2.8990608336247803,0.0019282933,0.0023375887,1e-07,0.5,-1.4973288,-0.5304246,7.2087,-14.616081,16.258223,0.4973788,1.0878007,0.2222222222222222,0.4545454545454546,3.6243718,10.505436,True,Left vs Right,Left,Right
HLA-DRB5,0.9510000000000001,0.04899999999999993,2.9656935708684005,0.00013425379,0.00019886864,1e-07,0.5,0.67691284,0.64942217,6.145592,-12.584423,17.308084,0.26357043,0.5982871,0.2222222222222222,0.2727272727272727,1.8569595,6.241957,True,Left vs Right,Left,Right
