,proba_de,proba_not_de,bayes_factor,scale1,scale2,pseudocounts,delta,lfc_mean,lfc_median,lfc_std,lfc_min,lfc_max,raw_mean1,raw_mean2,non_zeros_proportion1,non_zeros_proportion2,raw_normalized_mean1,raw_normalized_mean2,is_de_fdr_0.05,comparison,group1,group2
HLA-DQA2,0.9574,0.04259999999999997,3.112366799386283,0.0011259117,0.00018829777,1e-07,0.5,4.3952866,4.844118,2.7880394,-11.579672,12.835441,1.2059722,0.23109733,0.7673830594184661,0.16077953714981755,12.194918,2.2384949,True,Left vs Right,Left,Right
RPS4Y1,0.9742,0.025800000000000045,3.631241752112877,8.531129e-05,0.000115935334,1e-07,0.5,3.642638,5.5718765,9.574868,-12.039426,22.694576,0.111341156,0.18975632,0.12642225031605536,0.2204628501827044,0.99873567,1.6450701,True,Left vs Right,Left,Right
EIF1AY,0.9388,0.06120000000000003,2.7304551217118043,8.85261e-06,1.4527838e-05,1e-07,0.5,0.8557557,2.2215042,6.2096195,-12.058811,16.01915,0.015876895,0.029202322,0.03919089759797727,0.054811205846528654,0.13711654,0.28695738,True,Left vs Right,Left,Right
